{
    "calt": "freeze",
    "cv01": "ignore",
    "cv02": "ignore",
    "cv03": "freeze",
    "cv04": "ignore",
    "cv05": "ignore",
    "cv06": "freeze",
    "cv07": "ignore",
    "cv08": "ignore",
    "cv31": "ignore",
    "cv32": "ignore",
    "cv33": "ignore",
    "cv34": "ignore",
    "cv35": "ignore",
    "cv36": "ignore",
    "cv37": "ignore",
    "cv38": "ignore",
    "cv39": "ignore",
    "cv40": "ignore",
    "cv41": "ignore",
    "cv61": "ignore",
    "cv62": "ignore",
    "cv63": "ignore",
    "cv64": "ignore",
    "cv65": "ignore",
    "cv96": "freeze",
    "cv97": "freeze",
    "cv98": "freeze",
    "cv99": "ignore",
    "ss01": "ignore",
    "ss02": "ignore",
    "ss03": "freeze",
    "ss04": "ignore",
    "ss05": "freeze",
    "ss06": "freeze",
    "ss07": "freeze",
    "ss08": "freeze",
    "ss09": "freeze",
    "ss10": "freeze",
    "ss11": "freeze",
    "zero": "freeze"
}